time,nominal_output,unemployment_rate,average_price,inventories,household_deposits,firm_deposits,bank_loans,government_balance,taxes,benefits
0,99.90068125068524,0.28,1.3471472933352924,0.0,771.2847233076636,97.98068125068524,30.4,-2.2900000000000036,13.110000000000007,15.400000000000007
1,110.69532511403956,0.21999999999999997,1.3740902392019982,0.0,737.174398193624,128.8520063647248,28.88,-0.8750000000000081,13.51500000000001,12.100000000000003
2,115.59017372199243,0.19999999999999996,1.4015720439860382,0.0,698.9342244716316,162.70938008671723,27.435999999999996,1.7749999999999868,13.650000000000011,11.000000000000002
3,129.7885522441874,0.12,1.429603484865759,0.0,649.5556722274442,202.85177233090462,26.0642,9.365000000000006,14.190000000000015,6.599999999999999
4,136.53340334491588,0.08999999999999997,1.4581955545630743,0.0,594.5797688825284,246.8213236758205,24.76099,18.807499999999976,14.392500000000018,4.949999999999999
5,147.39880243453698,0.040000000000000036,1.4873594656543356,0.0,530.6509664479913,296.7344667103575,23.522940499999997,31.337499999999835,14.730000000000022,2.2
6,155.02113751249414,0.0,1.5171066549674224,1.0987190379624945,460.6298289354972,350.34422779285165,22.346793475,46.33749999999969,15.000000000000025,0.0
7,161.150289766061,0.0,1.5474487880667709,0.0,384.4795391694362,410.1537099504127,21.229453801250003,61.33749999999955,15.000000000000025,0.0
8,162.82864351469055,0.0,1.5783977638281064,0.0,306.65089565474557,471.70858623702827,20.1679811111875,76.33749999999999,15.000000000000025,0.0
9,150.15116333445638,0.0,1.6099657191046686,9.293337653158204,241.4997323202892,520.6496707048134,19.15958205562812,91.33750000000056,15.000000000000025,0.0
10,156.35463002058978,0.0,1.624632621326049,16.50113334222021,170.14510229969943,575.8547258020656,18.201602952846713,106.33750000000113,15.000000000000025,0.0
11,143.31212720494955,0.0,1.6399435098350714,32.758593887894236,111.8329750947499,618.0747568298442,17.291522805204373,121.3375000000017,15.000000000000025,0.0
12,130.37647111855202,0.0,1.6408013000703476,57.72258975920099,66.45650397619788,647.413736580084,16.426946664944154,136.33750000000225,15.000000000000025,0.0
13,102.19182738297151,0.030000000000000027,1.6079852740689407,96.36546464611054,48.117176593226375,651.6199471631589,15.605599331696943,149.4850000000028,14.797500000000023,1.6500000000000001
14,86.69981236398328,0.14,1.575825568587562,132.41605368879107,41.0623642292431,651.3834235672405,14.825319365112097,155.84000000000327,14.055000000000016,7.699999999999998
15,79.35547454353598,0.24,1.5443090572158107,160.7605831351935,37.52688968570714,653.8493789488697,14.08405339685649,156.02000000000368,13.38000000000001,13.200000000000005
16,75.45123069526599,0.30000000000000004,1.5134228760714943,184.4311007315576,35.60065899044116,658.4555664403242,13.379850727013665,152.49500000000404,12.975000000000007,16.500000000000007
17,72.7097626272469,0.36,1.4831544185500645,204.17646134951926,34.12089636319426,666.3625380239503,12.710858190662979,145.26500000000436,12.570000000000004,19.80000000000001
18,70.71853928920198,0.4,1.453491330179063,219.8403204535276,33.10235707399228,676.3184258217124,12.075315281129829,135.56500000000466,12.300000000000002,22.000000000000014
19,69.80274694415607,0.41000000000000003,1.424421503575482,233.30515487258978,32.61711012983622,686.3966538490008,11.471549517073335,125.24750000000495,12.232500000000003,22.550000000000015
20,69.13260891151597,0.42000000000000004,1.395933073503972,244.98215131542614,32.41950121832025,696.8409697894924,10.89797204121967,114.31250000000523,12.165000000000003,23.100000000000016
21,68.35282320141313,0.43999999999999995,1.3680144120338928,253.9408534592584,32.23667801690713,708.5399146684323,10.353073439158688,102.1425000000055,12.030000000000003,24.200000000000017
22,68.28947844688281,0.43999999999999995,1.3406541237932148,262.27998333145916,32.117199570024326,720.2082087089656,9.83541976720075,89.97250000000577,12.030000000000003,24.200000000000017
23,68.73837190732698,0.42000000000000004,1.3138410413173505,271.7448737477043,32.313827662697356,730.3564554302603,9.343648778840713,79.03750000000605,12.165000000000004,23.100000000000016
24,68.37324232926302,0.43999999999999995,1.2875642204910036,278.02634993791514,32.11058533343435,742.169078832793,8.876466339898677,66.86750000000632,12.030000000000001,24.200000000000017
25,68.76724650073162,0.42000000000000004,1.2618129360811834,284.97174280278665,32.27833883270274,752.4037373531307,8.432643022903743,55.932500000006456,12.165000000000003,23.100000000000016
26,69.15874293184805,0.41000000000000003,1.2365766773595597,291.91919488974094,32.437095900854686,762.0565217036046,8.011010871758554,45.61500000000662,12.232500000000003,22.550000000000015
27,69.51747397010718,0.4,1.2118451438123685,298.4041083875335,32.61962193074751,771.0933350214062,7.610460328170624,35.91500000000677,12.300000000000004,22.000000000000014
28,69.86472643345695,0.39,1.188840931636547,303.8808003362576,32.83739549729057,779.5014338351729,7.229937311762092,26.832500000006725,12.367500000000005,21.450000000000014
29,70.5040202431861,0.37,1.1677146533390919,310.129972721464,33.18087525410447,786.5716578396533,6.868440446173987,18.985000000006593,12.502500000000005,20.350000000000012
30,70.80852099714701,0.37,1.1470109006075857,315.7783396325153,33.21985425695746,793.9680724100298,6.525018423865286,11.137500000006531,12.502500000000005,20.350000000000012
31,72.00460294183674,0.32999999999999996,1.1269028257374072,322.86580249061484,33.592751315120736,798.5811742464347,6.198767502672022,5.760000000006535,12.772500000000004,18.15000000000001
32,72.6645773910267,0.31999999999999995,1.1095889035772346,328.94971634762646,33.688173924094045,802.8738255873011,5.888829127538421,1.000000000006537,12.840000000000005,17.60000000000001
33,73.34116468529243,0.30000000000000004,1.0926212598602656,335.63880420566466,33.872009238801624,805.8616605249413,5.594387671161499,-2.5249999999934696,12.975000000000005,16.500000000000007
34,73.56132136681384,0.29000000000000004,1.0759929690176357,342.37996724476096,34.21818787198778,808.0873186314853,5.314668287603425,-5.432499999993471,13.042500000000006,15.950000000000008
35,73.88514086264333,0.28,1.0600052026905675,349.08688567408524,34.62304700934447,809.6535793968725,5.048934873223255,-7.722499999993457,13.110000000000005,15.400000000000007
36,74.67337369577331,0.26,1.0479105305209728,355.75005383389316,35.00467331357116,810.0240170002523,4.796488129562091,-8.777499999993454,13.245000000000008,14.300000000000006
37,75.46194184573476,0.24,1.0375615854398563,363.56542216524997,35.36273146783641,809.1981695582134,4.556663723083985,-8.597499999993447,13.380000000000008,13.200000000000005
38,75.96679118963675,0.22999999999999998,1.0274196192603624,370.7557077492482,35.59844027819966,807.891560924465,4.328830536929785,-7.799999999993441,13.447500000000009,12.650000000000004
39,76.89065749708298,0.19999999999999996,1.0194552344088499,380.3082945264422,36.05778278111668,804.5224885893322,4.1123890100832945,-5.1499999999934225,13.650000000000011,11.000000000000002
40,77.16674273284508,0.19999999999999996,1.0127661243298822,388.8332853291499,36.24104004827161,801.4424879815722,3.9067695595791294,-2.4999999999934213,13.650000000000011,11.000000000000002
41,77.7197291087445,0.18000000000000005,1.008079932931719,398.66728541458207,36.636310939527114,796.9278109167419,3.711431081600172,1.3850000000065763,13.785000000000013,9.9
42,78.23361188561964,0.17000000000000004,1.0034874653615191,407.97425731094506,36.90019905390748,791.9387369374654,3.525859527520163,5.8875000000065825,13.852500000000015,9.35
43,78.44472983496665,0.17000000000000004,0.9998889033293547,416.1325321492195,36.95296921894083,787.1719152007807,3.3495665511441546,10.390000000006596,13.852500000000015,9.35
44,79.0681573708651,0.15000000000000002,0.999583407610443,426.3427043963966,37.147311848075745,781.0390985785772,3.182088223586946,16.127500000006606,13.987500000000017,8.249999999999998
45,79.70707126411409,0.13,0.999583407610443,438.40838205472454,37.46774058396166,773.555244549276,3.0229838124075985,23.10000000000647,14.122500000000018,7.149999999999999
46,79.99191722606137,0.13,0.999583407610443,449.9911386187965,37.5033233579003,766.3657827465929,2.8718346217872184,30.072500000006332,14.122500000000018,7.149999999999999
47,79.98940465023512,0.13,0.999583407610443,460.6223913921778,37.541418707665194,759.1828773195207,2.7282428906978566,37.04500000000625,14.122500000000018,7.149999999999999
48,80.1507339673376,0.12,0.999583407610443,472.7248017821445,37.800684740327604,751.1699167134163,2.5918307461629633,44.635000000006194,14.190000000000017,6.599999999999999
49,80.38038902959812,0.12,0.999583407610443,484.8956506647541,37.830295710729494,743.3947958982445,2.4622392088548146,52.22500000000614,14.190000000000017,6.599999999999999
50,80.55195295787668,0.12,0.999583407610443,496.99731332190237,37.688342752852826,735.7990145035899,2.3391272484120726,59.81500000000609,14.190000000000017,6.599999999999999
51,80.83942777984987,0.10999999999999999,0.999583407610443,509.8084197227819,37.641414973002966,727.4980946485349,2.222170885991468,68.02250000000629,14.257500000000018,6.049999999999999
52,80.52377099941101,0.12,0.999583407610443,522.637396170657,37.52764397359197,719.8885353947863,2.111062341691894,75.61250000000678,14.190000000000017,6.599999999999999
53,80.42637796441713,0.12,0.999583407610443,536.0742430267295,37.511266009174854,712.1882496187018,2.005509224607299,83.20250000000726,14.190000000000017,6.599999999999999
54,80.4512970236751,0.12,0.999583407610443,548.1377184799186,37.46996898549976,704.5192160889003,1.9052337633769336,90.79250000000775,14.190000000000017,6.599999999999999
55,80.36107880688641,0.12,0.999583407610443,560.7829834789281,37.51889017861336,696.765980869984,1.8099720752080866,98.38250000000824,14.190000000000019,6.599999999999999
56,80.32161349913831,0.12,0.999583407610443,573.5278127985897,37.607276679475056,688.9789960446097,1.7194734714476816,105.97250000000872,14.190000000000017,6.599999999999999
57,80.12277354948439,0.13,0.999583407610443,584.0557962765668,37.51200312999068,681.9986011858072,1.6334997978752965,112.9450000000092,14.122500000000016,7.149999999999999
58,80.31797236867293,0.12,0.999583407610443,594.0036973624096,37.60403076131776,674.2185635666075,1.5518248079815309,120.53500000000969,14.190000000000017,6.599999999999999
59,80.13759133397632,0.13,0.999583407610443,606.3578668864615,37.493939427341445,667.2630454121048,1.4742335675824536,127.50750000001017,14.122500000000016,7.149999999999999
60,80.55914853156338,0.10999999999999999,0.999583407610443,620.2734376151169,37.72729089577807,658.7337399296132,1.4005218892033304,135.71500000001066,14.257500000000018,6.049999999999999
61,80.66238210677238,0.10999999999999999,0.999583407610443,631.8883251450535,37.857408789005696,650.3120907230333,1.3304957947431633,143.92250000001115,14.257500000000018,6.049999999999999
62,80.44161120685298,0.12,0.999583407610443,643.404718177701,37.82579758215272,642.6738721822015,1.2639710050060047,151.51250000001164,14.190000000000017,6.599999999999999
63,80.84240388767063,0.10999999999999999,0.999583407610443,655.3458210216784,37.77589369448211,634.4404378095717,1.2007724547557037,159.72000000001213,14.257500000000018,6.049999999999999
64,80.89548566704725,0.10999999999999999,0.999583407610443,669.0727955355013,37.672908027434865,626.708851640291,1.5904421143686225,167.92750000001263,14.257500000000018,6.049999999999999
65,80.22068570081298,0.13,0.999583407610443,680.6321784086664,37.47972232662189,619.8341108142417,1.5109200086501908,174.9000000000131,14.122500000000016,7.149999999999999
66,80.85319786976552,0.09999999999999998,0.999583407610443,694.3534306039135,37.80152445685638,610.5966534834882,1.4353740082176807,183.7250000000136,14.325000000000017,5.499999999999999
67,80.5791477958688,0.12,0.999583407610443,705.50960040178,37.632376660987575,604.9563726961221,3.250157610355098,191.3150000000141,14.190000000000017,6.599999999999999
68,80.80725878048642,0.10999999999999999,0.999583407610443,718.2047759567612,37.617617880501165,596.5686220199872,3.087649729837343,199.5225000000146,14.257500000000018,6.049999999999999
69,80.76875438955787,0.10999999999999999,0.999583407610443,731.5262906114747,37.6413634909433,588.85870727924,3.6473740101656693,207.73000000001508,14.257500000000018,6.049999999999999
70,80.80535919993628,0.10999999999999999,0.999583407610443,743.3458068401926,37.628504291007026,581.5310242172463,4.562356554068216,215.93750000001558,14.257500000000018,6.049999999999999
71,80.91320417218469,0.09999999999999998,0.999583407610443,757.2157360016256,37.89030011882233,574.3050804263796,6.491540597304218,224.76250000001608,14.325000000000019,5.499999999999999
72,80.92828973467428,0.10999999999999999,0.999583407610443,769.7976434220586,37.75451038414806,568.1950942492979,8.543193033266885,232.97000000001657,14.257500000000016,6.049999999999999
73,80.7909232572564,0.10999999999999999,0.999583407610443,783.8847340976615,37.75608712689167,561.1088570765282,9.768862737317983,241.17750000001706,14.257500000000016,6.049999999999999
74,80.66060588930289,0.10999999999999999,0.999583407610443,797.2706749014606,37.8879812375888,552.183331201592,9.280419600452083,249.38500000001756,14.257500000000016,6.049999999999999
75,80.81471018057131,0.10999999999999999,0.999583407610443,810.1592928293352,37.86577105701748,545.7067023413506,11.10598567197604,257.59250000001765,14.257500000000018,6.049999999999999
76,80.85236993725357,0.10999999999999999,0.999583407610443,823.798708585012,37.805901119763924,536.8927131382854,10.550686388377237,265.8000000000153,14.257500000000018,6.049999999999999
77,80.73248974646559,0.10999999999999999,0.999583407610443,835.4886692762151,37.865911373298346,530.5660004635026,12.624372094438906,274.00750000001295,14.257500000000018,6.049999999999999
78,80.19696222455325,0.13,0.999583407610443,846.6559016519185,37.6964491487451,523.0055003623895,11.99315348971696,280.9800000000106,14.122500000000016,7.149999999999999
79,80.27210709554458,0.12,0.999583407610443,858.9083657061144,37.83434205320053,516.127423385174,12.979596751179894,288.57000000000824,14.190000000000015,6.599999999999999
